Home Team,Home Points,Away Team,Away Points
Notre Dame,42,Navy,3
Mercer,17,North Alabama,7
Jacksonville State,17,UTEP,14
New Mexico State,24,UMass,41
Albany,34,Fordham,13
San Diego State,20,Ohio,13
Vanderbilt,35,Hawai'i,28
Jackson State,37,South Carolina State,0
USC,56,San José State,28
Louisiana Tech,22,Florida International,17
,,,
LaGrange College,,Florida Memorial University,
Lamar,,Idaho,
Kennesaw State,,Tusculum,
Morehead State,,WV State,
Hiram,,Heidelberg,
New Haven,,Frostburg State,
Texas A&M-Commerce,,UC Davis,
Northwood (MI),,Glenville State,
Keiser University,,Mississippi College,
UNC Pembroke,,Fayetteville State,
Alderson-Broaddus,,California (PA),
Rowan,,Stevenson,
Charleston Southern,,North Greenville,
Barton College,,Chowan,
Saginaw Valley,,Winona State,
Wingate,,Albany State (GA),
Louisiana College,,East Texas Baptist,
Minot State,,Southwest Minnesota State,
Western Michigan,,St Francis (PA),
Georgia State,,Rhode Island,
Indiana State,,Eastern Illinois,
Campbell,,William & Mary,
Stony Brook,,Delaware,
Furman,,Tennessee Tech,
Millersville,,St. Anselm,
UCF,,Kent State,
Wake Forest,,Elon,
Lincoln (PA),,Clarion,
Wheeling Jesuit,,Seton Hill College,
Quincy,,Chadron State,
Northeastern State,,Fort Hays State,
West Georgia,,Limestone,
West Alabama,,Angelo State,
Walsh,,West Liberty,
Indiana (PA),,Ashland,
Southern Arkansas,,Southeastern Oklahoma,
Southwestern Oklahoma,,Ouachita Baptist,
Southern Nazarene,,Harding,
Carson-Newman,,Virginia Lynchburg,
Charleston (WV),,Gannon,
Fairmont State,,Bloomsburg,
Minnesota-Duluth,,Northern Michigan,
Northwestern Oklahoma State,,Arkansas-Monticello,
Missouri S&T,,Delta State,
Kentucky State,,Clark Atlanta,
McMurry,,Birmingham-Southern,
Lakeland University,,Wisconsin-Platteville,
Belhaven College,,Millsaps,
Buffalo State,,Brockport State (NY),
Sioux Falls,,Minnesota State,
Wayne State (NE),,Minnesota St-Moorhead,
Bemidji State,,Northern State,
Samford,,Shorter,
East Stroudsburg,,Pace,
Youngstown State,,Valparaiso,
Connecticut,,NC State,
Ferris State,,Mercyhurst,
Concordia-St. Paul,,Upper Iowa,
Eastern New Mexico,,New Mexico Highlands,
Lindenwood,,Wisconsin-Stevens Point,
Weber State,,Central Washington,
South Dakota State,,Western Oregon,
Abilene Christian,,Northern Colorado,
Minnesota,,Nebraska,
UAB,,North Carolina A&T,
Missouri,,South Dakota,
Utah,,Florida,
Tulsa,,Arkansas-Pine Bluff,
Dakota State,,Wisconsin-La Crosse,
Beloit College,,Rockford,
Emporia State,,Lincoln (MO),
Pittsburg State,,Washburn,
Missouri Southern State,,Northwest Missouri State,
Central Oklahoma,,Nebraska-Kearney,
Missouri Western,,Central Missouri State,
Oklahoma Baptist,,Arkansas Tech,
Henderson State,,East Central,
Colorado Mines,,Grand Valley State,
Arizona State,,Southern Utah,
West Florida,,Kentucky Wesleyan,
Nichols,,UMass Dartmouth,
Eastern Michigan,,Howard,
Catholic University,,McDaniel College,
Michigan State,,Central Michigan,
Miami,,Miami (OH),
Alfred,,Hobart,
Muhlenberg,,Moravian,
Curry,,Salve Regina,
Lebanon Valley,,Franklin & Marshall,
Worcester Polytechnic,,Worcester State College,
Ursinus,,Alvernia University,
Georgia Tech,,Louisville,
Kansas,,Missouri State,
Hardin-Simmons,,Albright,
South Dakota Mines,,Valley City State,
Hawai'i,,Stanford,
Central Connecticut,,American International,
Mississippi Valley State,,Central State,
St. Thomas (MN),,Black Hills State,
Westminster,,Rhodes,
Capital,,Denison,
Guilford,,Greensboro,
Lake Erie College,,Franklin Pierce,
Notre Dame College,,Ohio Dominican,
Concord,,Emory & Henry,
Marietta,,St. John Fisher,
Lyon College,,Grinnell,
Western State,,West Texas A&M,
University of Texas of the Permian Basin,,Texas College,
Findlay,,Truman State,
North Carolina Central,,Winston-Salem,
VMI,,Davidson,
Nicholls,,Sacramento State,
Cal Poly,,San Diego,
Montana State,,Utah Tech,
Texas Southern,,Prairie View,
Lehigh,,Villanova,
Holy Cross,,Merrimack,
Duquesne,,Edinboro,
Michigan,,East Carolina,
Hilbert College,,Union,
Endicott College,,St Lawrence,
Western Connecticut State,,Merchant Marine,
MIT,,Bridgewater State,
SUNY Cortland,,Delaware Valley,
Kalamazoo,,Oberlin,
Otterbein,,Ohio Wesleyan,
Alma College,,Ohio Northern,
Keystone,,Gallaudet,
Dean College,,Fitchburg State,
Wilkes,,King's College (PA),
Tennessee,,Virginia,
Johns Hopkins,,Ithaca,
Davenport,,Thomas More,
Bentley,,West Chester,
Shippensburg,,Newberry,
Shepherd,,Southern Connecticut State,
Assumption,,Kutztown,
Rochester,,Utica,
NC Wesleyan,,Randolph-Macon,
Kean,,Morrisville State,
Tiffin,,McKendree,
SMU,,Louisiana Tech,
Purdue,,Fresno State,
Liberty,,Bowling Green,
Kentucky,,Ball State,
College of New Jersey,,Eastern University,
Boston College,,Northern Illinois,
TCU,,Colorado,
Iowa,,Utah State,
Oklahoma,,Arkansas State,
Georgetown,,Marist,
Waynesburg,,Allegheny,
Delaware State,,Bowie State,
Widener,,Lycoming,
Gettysburg,,Juniata,
Misericordia,,Alfred State College,
Grove City College,,Westminster PA,
Sewanee Univ. of the South,,Maryville TN,
Apprentice School,,Averett,
Hampden-Sydney,,Wabash College,
Washington & Lee,,Salisbury,
St. Johns (MN),,Trinity (TX),
Castleton State College,,Plymouth State,
Bridgewater (VA),,Susquehanna,
Brevard College,,Warner,
Shenandoah,,Methodist,
Muskingum,,Ferrum,
Dickinson,,Rensselaer,
University of New England,,Coast Guard,
Husson,,Norwich,
Baldwin-Wallace,,Mount St. Joseph,
Elizabeth City State,,Catawba,
St. Vincent,,Washington & Jefferson,
William Paterson,,FDU-Florham,
Western New England,,Springfield,
Wilmington (OH),,Wooster,
WV Wesleyan,,Johnson C Smith,
Stonehill,,New Hampshire,
Illinois State,,Dayton,
Air Force,,Robert Morris,
Centre,,Hanover,
Franklin,,Olivet College,
Defiance,,Mount Union,
St. Ambrose,,UW-Stout,
Augustana (SD),,University of Mary,
Roosevelt,,North Central,
Cornell College (IA),,Coe,
Dubuque,,Wittenberg,
Norfolk State,,Virginia State,
Ole Miss,,Mercer,
Iowa State,,Northern Iowa,
Temple,,Akron,
Ohio,,Long Island University,
Elmhurst,,Adrian,
Concordia (IL),,Greenville,
Montana,,Butler,
Jacksonville State,,East Tennessee State,
Austin College,,Nebraska Wesleyan University,
UW-River Falls,,Mary Hardin-Baylor,
William Jewell College,,Fort Lewis,
Gustavus Adolphus,,Buena Vista,
St. Olaf College,,Central,
Carthage,,Albion,
Hendrix College,,Washington (MO),
Concordia (WI),,Martin Luther College,
Wisconsin-Eau Claire,,Concordia (MN),
Augsburg,,Northwestern (MN),
Hamline,,Crown College,
St. Norbert,,Ripon,
Chicago,,Claremont,
Aurora,,Hope,
John Carroll,,UW-Whitewater,
UW-Oshkosh,,Texas Lutheran,
Lane,,Miles,
Hampton,,Grambling,
Colorado Mesa,,Texas A&M-Kingsville,
Oregon,,Portland State,
Appalachian State,,Gardner-Webb,
North Dakota State,,Eastern Washington,
Texas,,Rice,
Pittsburgh,,Wofford,
Notre Dame,,Tennessee State,
Washington,,Boise State,
Western Kentucky,,South Florida,
Wisconsin,,Buffalo,
Maryland,,Towson,
Auburn,,UMass,
Indiana,,Ohio State,
Cincinnati,,Eastern Kentucky,
Mississippi State,,Southeastern Louisiana,
Arkansas,,Western Carolina,
Cal Lutheran,,Southwestern University,
La Verne,,Willamette,
SUNY Maritime,,Hartwick,
North Texas,,California,
Pacific Lutheran,,Redlands,
Puget Sound,,Lewis & Clark,
North Dakota,,Drake,
UNLV,,Bryant,
Syracuse,,Colgate,
Christopher Newport,,Southern Virginia,
Sacred Heart,,Lafayette,
Fordham,,Wagner,
James Madison,,Bucknell,
Georgia Southern,,The Citadel,
Benedict College,,Shaw,
Indianapolis,,Hillsdale,
Lock Haven,,Post University,
Slippery Rock,,Wayne State (MI),
Livingstone,,Bluefield,
Allen,,Erskine,
Berry College,,Huntingdon,
Lenoir-Rhyne,,St. Augustine's,
Edward Waters,,Florida Memorial University,
Manchester,,North Park,
Anderson (IN),,Trine,
Florida Atlantic,,Monmouth,
Charlotte,,South Carolina State,
Georgia,,UT Martin,
Alabama State,,Southern,
Stetson,,St. Thomas University (Fl),
Marshall,,Albany,
Richmond,,Morgan State,
USC,,Nevada,
Florida International,,Maine,
UVA-Wise,,Union College,
Macalester,,Minnesota-Morris,
Memphis,,Bethune-Cookman,
Anna Maria College,,Westfield State,
OK Panhandle St,,Southwest Baptist,
Eureka College,,Knox College,
North Alabama,,Chattanooga,
Southern Illinois,,Austin Peay,
Bluffton,,Kenyon,
Rose-Hulman,,DePauw,
Valdosta State,,Point University,
Vanderbilt,,Alabama A&M,
Kansas State,,Southeast Missouri State,
Oklahoma State,,Central Arkansas,
Texas A&M,,New Mexico,
Louisiana Monroe,,Army,
Colorado State,,Washington State,
Baylor,,Texas State,
Houston,,UT San Antonio,
Houston Christian,,Arkansas Baptist,
Murray State,,Presbyterian College,
Troy,,Stephen F. Austin,
Thiel College,,Case Western Reserve,
Southern Mississippi,,Alcorn State,
Simpson College,,Augustana (IL),
Illinois College,,Millikin,
Southeastern University,,Savannah State,
Loras College,,Benedictine College,
Wisconsin Lutheran,,Lake Forest,
Penn State,,West Virginia,
Alabama,,Middle Tennessee,
Illinois,,Toledo,
North Carolina,,South Carolina,
Wyoming,,Texas Tech,
Geneva College,,Carnegie Mellon,
Louisiana,,Northwestern State,
Colorado State-Pueblo,,Midwestern State,
McNeese,,Tarleton State,
Adams State,,Lincoln University (CA),
Western New Mexico,,Sul Ross State,
George Fox University,,Howard Payne,
Tulane,,South Alabama,
Virginia Tech,,Old Dominion,
Wartburg,,Monmouth (IL),
UTEP,,Incarnate Word,
New Mexico State,,Western Illinois,
Pacific (OR),,Chapman,
Arizona,,Northern Arizona,
BYU,,Sam Houston State,
San Diego State,,Idaho State,
UCLA,,Coastal Carolina,
Rutgers,,Northwestern,
Florida A&M,,Jackson State,
San José State,,Oregon State,
Morehouse,,Virginia Union,
Tuskegee,,Fort Valley State,
Florida State,,LSU,
Duke,,Clemson,
